Team Name,Team Mascot
Mt. St. Mary's,https://i.turner.ncaa.com/sites/default/files/images/logos/schools/bgd/mt-st-marys.svg
Villanova,https://i.turner.ncaa.com/sites/default/files/images/logos/schools/bgd/villanova.svg
Virginia Tech,https://i.turner.ncaa.com/sites/default/files/images/logos/schools/bgd/virginia-tech.svg
Wisconsin,https://i.turner.ncaa.com/sites/default/files/images/logos/schools/bgd/wisconsin.svg
UNCW,https://i.turner.ncaa.com/sites/default/files/images/logos/schools/bgd/unc-wilmington.svg
Virginia,https://i.turner.ncaa.com/sites/default/files/images/logos/schools/bgd/virginia.svg
East Tenn. St.,https://i.turner.ncaa.com/sites/default/files/images/logos/schools/bgd/east-tenn-st.svg
Florida,https://i.turner.ncaa.com/sites/default/files/images/logos/schools/bgd/florida.svg
USC,https://i.turner.ncaa.com/sites/default/files/images/logos/schools/bgd/southern-california.svg
SMU,https://i.turner.ncaa.com/sites/default/files/images/logos/schools/bgd/smu.svg
New Mexico St.,https://i.turner.ncaa.com/sites/default/files/images/logos/schools/bgd/new-mexico-st.svg
Baylor,https://i.turner.ncaa.com/sites/default/files/images/logos/schools/bgd/baylor.svg
Marquette,https://i.turner.ncaa.com/sites/default/files/images/logos/schools/bgd/marquette.svg
South Carolina,https://i.turner.ncaa.com/sites/default/files/images/logos/schools/bgd/south-carolina.svg
Troy,https://i.turner.ncaa.com/sites/default/files/images/logos/schools/bgd/troy.svg
Duke,https://i.turner.ncaa.com/sites/default/files/images/logos/schools/bgd/duke.svg
UC Davis,https://i.turner.ncaa.com/sites/default/files/images/logos/schools/bgd/uc-davis.svg
Kansas,https://i.turner.ncaa.com/sites/default/files/images/logos/schools/bgd/kansas.svg
Mich. St.,https://i.turner.ncaa.com/sites/default/files/images/logos/schools/bgd/michigan-st.svg
Miami (Fla.),https://i.turner.ncaa.com/sites/default/files/images/logos/schools/bgd/miami-fl.svg
Nevada,https://i.turner.ncaa.com/sites/default/files/images/logos/schools/bgd/nevada.svg
Iowa State,https://i.turner.ncaa.com/sites/default/files/images/logos/schools/bgd/iowa-st.svg
Vermont,https://i.turner.ncaa.com/sites/default/files/images/logos/schools/bgd/vermont.svg
Purdue,https://i.turner.ncaa.com/sites/default/files/images/logos/schools/bgd/purdue.svg
Rhode Island,https://i.turner.ncaa.com/sites/default/files/images/logos/schools/bgd/rhode-island.svg
Creighton,https://i.turner.ncaa.com/sites/default/files/images/logos/schools/bgd/creighton.svg
Iona,https://i.turner.ncaa.com/sites/default/files/images/logos/schools/bgd/iona.svg
Oregon,https://i.turner.ncaa.com/sites/default/files/images/logos/schools/bgd/oregon.svg
Jacksonville St.,https://i.turner.ncaa.com/sites/default/files/images/logos/schools/bgd/jacksonville-st.svg
Louisville,https://i.turner.ncaa.com/sites/default/files/images/logos/schools/bgd/louisville.svg
South Dakota St.,https://i.turner.ncaa.com/sites/default/files/images/logos/schools/bgd/south-dakota-st.svg
Gonzaga,https://i.turner.ncaa.com/sites/default/files/images/logos/schools/bgd/gonzaga.svg
Vanderbilt,https://i.turner.ncaa.com/sites/default/files/images/logos/schools/bgd/vanderbilt.svg
Northwestern,https://i.turner.ncaa.com/sites/default/files/images/logos/schools/bgd/northwestern.svg
Princeton,https://i.turner.ncaa.com/sites/default/files/images/logos/schools/bgd/princeton.svg
Notre Dame,https://i.turner.ncaa.com/sites/default/files/images/logos/schools/bgd/notre-dame.svg
Bucknell,https://i.turner.ncaa.com/sites/default/files/images/logos/schools/bgd/bucknell.svg
West Virginia,https://i.turner.ncaa.com/sites/default/files/images/logos/schools/bgd/west-virginia.svg
Xavier,https://i.turner.ncaa.com/sites/default/files/images/logos/schools/bgd/xavier.svg
Maryland,https://i.turner.ncaa.com/sites/default/files/images/logos/schools/bgd/maryland.svg
FGCU,https://i.turner.ncaa.com/sites/default/files/images/logos/schools/bgd/fgcu.svg
Florida State,https://i.turner.ncaa.com/sites/default/files/images/logos/schools/bgd/florida-st.svg
VCU,https://i.turner.ncaa.com/sites/default/files/images/logos/schools/bgd/vcu.svg
St. Mary's (Cal.),https://i.turner.ncaa.com/sites/default/files/images/logos/schools/bgd/st-marys-ca.svg
North Dakota,https://i.turner.ncaa.com/sites/default/files/images/logos/schools/bgd/north-dakota.svg
Arizona,https://i.turner.ncaa.com/sites/default/files/images/logos/schools/bgd/arizona.svg
Texas Southern,https://i.turner.ncaa.com/sites/default/files/images/logos/schools/bgd/texas-southern.svg
North Carolina,https://i.turner.ncaa.com/sites/default/files/images/logos/schools/bgd/north-carolina.svg
Seton Hall,https://i.turner.ncaa.com/sites/default/files/images/logos/schools/bgd/seton-hall.svg
Arkansas,https://i.turner.ncaa.com/sites/default/files/images/logos/schools/bgd/arkansas.svg
Middle Tenn.,https://i.turner.ncaa.com/sites/default/files/images/logos/schools/bgd/middle-tenn.svg
Minnesota,https://i.turner.ncaa.com/sites/default/files/images/logos/schools/bgd/minnesota.svg
Winthrop,https://i.turner.ncaa.com/sites/default/files/images/logos/schools/bgd/winthrop.svg
Butler,https://i.turner.ncaa.com/sites/default/files/images/logos/schools/bgd/butler.svg
Kansas St.,https://i.turner.ncaa.com/sites/default/files/images/logos/schools/bgd/kansas-st.svg
Cincinnati,https://i.turner.ncaa.com/sites/default/files/images/logos/schools/bgd/cincinnati.svg
Kent State,https://i.turner.ncaa.com/sites/default/files/images/logos/schools/bgd/kent-st.svg
UCLA,https://i.turner.ncaa.com/sites/default/files/images/logos/schools/bgd/ucla.svg
Wichita State,https://i.turner.ncaa.com/sites/default/files/images/logos/schools/bgd/wichita-st.svg
Dayton,https://i.turner.ncaa.com/sites/default/files/images/logos/schools/bgd/dayton.svg
Northern Kentucky,https://i.turner.ncaa.com/sites/default/files/images/logos/schools/bgd/northern-ky.svg
Kentucky,https://i.turner.ncaa.com/sites/default/files/images/logos/schools/bgd/kentucky.svg
